long,lat
38.95313,64.38303
38.96583,64.37276
38.97721,64.3611
38.98805,64.3461
38.9911,64.34027
38.99194,64.33305
38.98694,64.30859
38.98388,64.29721
38.97416,64.26944
38.97138,64.26444
38.96249,64.24275
38.95666,64.22609
38.95361,64.21471
38.95055,64.19664
38.95249,64.18193
38.95499,64.17387
38.97555,64.13248
38.99749,64.09166
39.00388,64.0811
39.02471,64.05165
39.03472,64.0361
39.06805,63.98333
39.11388,63.89305
39.1536,63.81388
39.2061,63.71277
39.20944,63.70805
39.22416,63.69388
39.26333,63.65721
39.27916,63.64361
39.32972,63.59583
39.36444,63.56138
39.39361,63.52638
39.4036,63.51083
39.42333,63.4786
39.49833,63.34249
39.52833,63.28082
39.59916,63.13027
39.61721,63.09332
39.64444,63.03861
39.66694,63
39.69777,62.95527
39.73583,62.90166
39.74888,62.87972
39.78444,62.81944
39.79972,62.78944
39.82944,62.72721
39.90971,62.58444
39.92694,62.55972
39.93416,62.5511
40.03082,62.44193
40.03384,62.44048
40.07527,62.42416
40.08943,62.41944
40.10471,62.41805
40.11028,62.4186
40.12193,62.42222
40.13472,62.42805
40.22027,62.41082
40.27805,62.39888
40.42027,62.35527
40.42888,62.35
40.43638,62.34222
40.44249,62.32999
40.46915,62.27499
40.47388,62.25916
40.47527,62.25139
40.47665,62.22971
40.47804,62.22193
40.48027,62.21361
40.48611,62.20139
40.49361,62.19249
40.50421,62.18553
40.56444,62.14111
40.60666,62.1125
40.71471,62.04694
40.7236,62.0425
40.83997,61.9993
40.87277,61.9875
40.88249,61.98527
40.90721,61.98333
40.91833,61.98444
40.92416,61.98611
40.93527,61.9875
40.94582,61.9875
40.96639,61.98527
40.9761,61.98305
40.99972,61.97499
41.01749,61.9661
41.03805,61.95277
41.05055,61.94305
41.11166,61.89333
41.12555,61.87416
41.20277,61.73777
41.25639,61.6386
41.26222,61.6261
41.26749,61.61138
41.3011,61.45444
41.3036,61.43832
41.30249,61.42471
41.30138,61.4186
41.29916,61.41277
41.29222,61.40332
41.27361,61.39583
41.26222,61.39388
41.21999,61.38277
41.20805,61.37666
41.1986,61.3686
41.18721,61.35527
41.17527,61.33499
41.17083,61.32361
41.16527,61.3061
41.16277,61.29361
41.16221,61.28694
41.16138,61.27332
41.1661,61.24888
41.1686,61.24166
41.19582,61.17333
41.20222,61.16193
41.2061,61.15804
41.22027,61.15277
41.2286,61.14722
41.23193,61.14194
41.23416,61.13333
41.23721,61.08582
41.23027,61.02249
41.20988,61.0042
41.23249,60.98388
41.23638,60.97971
41.24305,60.96971
41.2486,60.95583
41.25055,60.94749
41.25777,60.81194
41.25805,60.70499
41.25278,60.67999
41.24583,60.65638
41.23166,60.59388
41.21832,60.53194
41.21721,60.51833
41.21749,60.51111
41.21944,60.48833
41.22276,60.47166
41.22749,60.45694
41.23055,60.45055
41.24388,60.42999
41.26305,60.40888
41.28277,60.38221
41.29277,60.36666
41.3086,60.3386
41.31444,60.32583
41.33638,60.27194
41.3411,60.25722
41.34916,60.22276
41.35944,60.19415
41.36999,60.16666
41.37555,60.15277
41.3811,60.14027
41.40027,60.10666
41.41027,60.0911
41.41415,60.08694
41.41833,60.08388
41.43221,60.07861
41.44249,60.07694
41.45361,60.07777
41.5186,60.09249
41.52471,60.09415
41.5375,60.09943
41.54222,60.10333
41.55027,60.11221
41.55804,60.1211
41.5611,60.1261
41.57222,60.15443
41.575,60.16694
41.57944,60.17805
41.58888,60.18582
41.59444,60.18638
41.59943,60.18555
41.62777,60.16415
41.63583,60.15721
41.65971,60.13611
41.72416,60.08028
41.73694,60.07138
41.75222,60.06944
41.75777,60.06972
41.76333,60.07305
41.78111,60.08804
41.79361,60.10083
41.80055,60.11111
41.80499,60.12249
41.80694,60.13555
41.80555,60.1511
41.795,60.19332
41.78333,60.21888
41.77805,60.23249
41.77361,60.24888
41.77249,60.25694
41.77361,60.26305
41.77666,60.26833
41.78166,60.27222
41.78722,60.27527
41.79277,60.27583
41.80249,60.27332
41.81527,60.26444
41.82277,60.2561
41.82944,60.24583
41.85889,60.18305
41.86221,60.17777
41.88387,60.15276
41.885,60.15305
41.89805,60.14527
41.9111,60.13722
42.03249,60.02805
42.16361,60.02666
42.21749,60.01444
42.29444,59.92138
42.29778,59.9161
42.30083,59.90971
42.3161,59.8575
42.3225,59.73583
42.30888,59.62222
42.30193,59.56805
42.29694,59.54972
42.29361,59.52999
42.29166,59.48721
42.29277,59.45721
42.295,59.44083
42.29972,59.42555
42.34777,59.28472
42.35444,59.27388
42.36277,59.26777
42.37222,59.26389
42.38722,59.26028
42.40249,59.25777
42.41305,59.2575
42.43111,59.26194
42.44193,59.26138
42.45166,59.25861
42.47276,59.24305
42.48055,59.23583
42.49194,59.22305
42.50278,59.20916
42.54111,59.15582
42.54416,59.14916
42.54639,59.14166
42.5461,59.12694
42.53138,59.09332
42.52555,59.06805
42.52388,59.04722
42.52527,59.02388
42.53138,58.98249
42.53333,58.9736
42.54083,58.95166
42.60416,58.85027
42.63221,58.81166
42.64305,58.79749
42.65416,58.78472
42.65804,58.78055
42.66972,58.76888
42.70388,58.73055
42.79416,58.62277
42.79749,58.61749
42.79778,58.60972
42.79527,58.60416
42.78416,58.59777
42.77749,58.59527
42.76555,58.59249
42.75388,58.59083
42.72499,58.58721
42.70777,58.58527
42.69554,58.5825
42.6761,58.575
42.67055,58.57166
42.66249,58.56277
42.65943,58.55027
42.65777,58.52166
42.65916,58.46111
42.66082,58.42249
42.66305,58.4061
42.66471,58.39722
42.67444,58.36721
42.6886,58.3336
42.69554,58.31027
42.69749,58.29388
42.69554,58.27305
42.69249,58.26028
42.65193,58.16444
42.64555,58.15443
42.64138,58.14999
42.63082,58.14305
42.62027,58.14388
42.61555,58.14583
42.60777,58.15332
42.60111,58.16415
42.58833,58.19943
42.57861,58.22916
42.57277,58.25472
42.56388,58.28666
42.55833,58.29972
42.55193,58.31082
42.54833,58.315
42.52138,58.34277
42.31388,58.51749
42.3086,58.51833
42.30444,58.51555
42.3011,58.51055
42.29805,58.49805
42.29472,58.44166
42.29444,58.41944
42.29666,58.41193
42.30083,58.4086
42.30555,58.40665
42.31055,58.40582
42.3161,58.4061
42.35278,58.41554
42.36444,58.41694
42.385,58.41332
42.39833,58.40638
42.40638,58.39888
42.42027,58.37943
42.42999,58.36305
42.44694,58.325
42.46277,58.28333
42.47138,58.25139
42.50388,58.10166
42.5075,58.07639
42.50805,58.0536
42.50464,58.0266
42.49805,58.01639
42.44554,57.9436
42.39916,57.94804
42.38249,57.96055
42.37777,57.96277
42.36721,57.96361
42.35444,57.95972
42.34222,57.95416
42.26527,57.90833
42.21082,57.87277
42.18777,57.8386
42.1536,57.66444
42.15332,57.62749
42.15499,57.61277
42.16305,57.57999
42.17333,57.49777
42.17527,57.47388
42.17388,57.44499
42.1711,57.4175
42.16249,57.38694
42.14972,57.35222
42.1386,57.32361
42.11944,57.27916
42.10972,57.26416
42.09527,57.24583
42.06361,57.21111
42.04416,57.19638
42.03361,57.18999
42.02694,57.18749
41.99749,57.17333
41.98305,57.16249
41.96111,57.14249
41.94499,57.12444
41.94166,57.11971
41.92888,57.1
41.92638,57.09444
41.92083,57.07666
41.9161,57.05804
41.91055,57.03249
41.90999,57.02583
41.90527,57.00722
41.90277,57.00166
41.89305,56.98694
41.885,56.97833
41.8661,56.97083
41.85416,56.9686
41.68194,56.97749
41.47665,57.03944
41.46693,57.04277
41.44888,57.05222
41.43665,57.06194
41.41221,57.08305
41.40138,57.09583
41.39194,57.11221
41.38972,57.11971
41.34583,57.13388
41.26583,57.05499
41.26028,57.04472
41.25861,57.03111
41.26999,56.9561
41.27499,56.93028
41.27888,56.91388
41.28639,56.89333
41.29028,56.87721
41.29778,56.84361
41.29944,56.82749
41.29888,56.79833
41.29333,56.75111
41.29166,56.745
41.28722,56.69721
41.28805,56.66694
41.28916,56.64416
41.2961,56.54277
41.29829,56.53375
41.29694,56.52361
41.30638,56.36028
41.31527,56.215
41.32555,56.015
41.32845,56.00096
41.35388,56.00028
41.57639,55.99944
41.8961,55.99916
42.13277,55.99916
42.21639,56
42.4811,55.99972
42.76028,55.99888
43.01167,55.9986
43.08138,55.99944
43.34694,55.99916
43.62666,55.99833
43.87888,55.99805
43.9486,55.99888
44.50944,55.9986
44.73416,55.99749
45.00111,55.99749
45.003,56.00002
45.06361,56.25722
45.09388,56.3875
45.15388,56.64861
45.1686,56.71416
45.17297,56.75019
45.17833,56.7575
45.1836,56.77943
45.24777,57.06361
45.32055,57.39222
45.36361,57.58971
45.45361,58.00805
45.50944,58.27305
45.5686,58.56055
45.57111,58.56972
45.5706,58.57082
44.2111,61.14916
44.19833,61.1661
44.07972,61.31166
43.82999,61.61444
43.66305,61.81471
43.54361,61.95694
43.48479,62.02511
43.48833,62.04472
43.53277,62.38249
43.54639,62.48805
43.58916,62.82666
43.63638,63.21138
43.61944,63.42249
43.60999,63.5375
43.57055,63.99722
43.56916,64.02138
43.54805,64.45804
43.60027,64.58554
43.70332,64.84332
43.73777,64.93137
43.65249,65.02693
43.48082,65.2161
43.4325,65.26833
43.325,65.51111
43.31722,65.52693
43.1536,65.63805
42.98943,65.74803
42.87721,65.82193
42.99694,66.12387
42.80027,66.11054
42.67166,66.10109
42.60444,66.09583
42.42387,66.07079
42.42333,66.03665
42.33638,66.03442
42.0461,66.02916
42.00305,66.02916
42.00305,66.52638
41.89666,66.53915
41.83638,66.54553
41.74527,66.55664
41.73277,66.55859
41.71693,66.56249
41.46055,66.63611
41.175,66.71999
41.16483,66.75949
41.16193,66.77777
41.14999,66.87581
41.1433,67.07195
41.145,67.15915
41.14916,67.35054
41.15416,67.43942
41.15888,67.4897
41.1675,67.5361
41.18221,67.63998
41.19166,67.74027
41.19249,67.75499
41.19222,67.76305
41.18333,67.93553
41.13055,67.98943
41.065,68.09833
41.06554,68.10609
41.06444,68.11249
41.05166,68.14027
41.03611,68.15416
40.98638,68.14554
40.97971,68.14415
40.90749,68.11609
40.87943,68.10332
40.8625,68.08777
40.85194,68.07443
40.84083,68.05386
40.81027,68.04804
40.70388,68.21277
40.69138,68.23332
40.68055,68.25694
40.6778,68.26547
40.65888,68.30443
40.6536,68.31667
40.59777,68.45526
40.59444,68.47971
40.59972,68.60803
40.6075,68.63165
40.61028,68.63666
40.61749,68.64554
40.62166,68.64916
40.67166,68.65193
40.71805,68.62859
40.73888,68.58916
40.86138,68.56805
40.91999,68.5936
40.93694,68.61665
40.94666,68.6461
40.9468,68.64874
40.95194,68.66443
40.96999,68.70972
40.97555,68.71999
40.97887,68.72443
40.98694,68.73276
40.99194,68.73581
41.01055,68.74193
41.03082,68.74693
41.04805,68.75444
41.06332,68.76361
41.07722,68.77443
41.08444,68.78333
41.08694,68.78832
41.1186,68.87526
41.2161,69.06303
41.22833,69.06609
41.27194,69.07304
41.35083,69.08055
41.3561,69.07916
41.36028,69.06442
41.36305,69.05887
41.36721,69.05525
41.37277,69.0547
41.37943,69.05637
41.38777,69.07222
41.45972,69.22665
41.47083,69.25499
41.48416,69.34638
41.48472,69.36137
41.57555,69.48998
41.67333,69.64221
41.69804,69.75194
41.70027,69.76527
41.70332,69.78638
41.70667,69.84586
41.7086,69.90971
41.70805,69.91776
41.70916,69.92442
41.71166,69.93082
41.78027,70.05803
41.82526,70.135
41.83138,70.14499
41.84442,70.15665
41.87608,70.18276
41.95524,70.24414
42.03941,70.33305
42.04636,70.34248
42.05524,70.35776
42.0658,70.37943
42.07302,70.39638
42.09468,70.4561
42.0983,70.46832
42.10107,70.48137
42.09997,70.48831
42.09107,70.50555
42.07691,70.52388
42.06886,70.5311
42.06468,70.53442
42.05913,70.53499
42.04691,70.53333
42.04163,70.53471
42.03802,70.53915
42.0358,70.5461
42.02024,70.6086
42.01885,70.61775
42.01968,70.62442
42.02163,70.63054
42.0258,70.63443
42.03108,70.63777
42.04858,70.64554
42.06802,70.65193
42.09163,70.6622
42.10163,70.66887
42.19774,70.74803
42.20107,70.75278
42.20385,70.75804
42.20468,70.78832
42.20329,70.79721
42.19496,70.82748
42.19412,70.83582
42.19441,70.84332
42.19635,70.85693
42.20385,70.88136
42.20635,70.88693
42.21774,70.90776
42.2508,70.96693
42.25467,70.97081
42.25858,70.97582
42.29636,71.02777
42.30163,71.03859
42.30524,71.05109
42.30468,71.05914
42.30274,71.06722
42.29775,71.08055
42.28413,71.1122
42.28108,71.11804
42.27413,71.1272
42.27107,71.13275
42.24969,71.17249
42.22246,71.2236
42.21413,71.2397
42.20663,71.26
42.20468,71.26776
42.20413,71.27609
42.19551,71.27638
42.18885,71.27443
42.17885,71.26776
42.17024,71.25972
42.14191,71.22249
42.04441,70.98692
42.0408,70.97499
42.03857,70.9536
42.04052,70.93665
42.04469,70.92082
42.04663,70.90387
42.04358,70.88333
42.03996,70.87109
42.03663,70.86665
42.03218,70.86249
42.02302,70.85526
42.01636,70.85332
41.98524,70.84915
41.97413,70.84972
41.96941,70.8522
41.95358,70.85498
41.94135,70.85332
41.9344,70.85138
41.92941,70.84833
41.92524,70.84415
41.92246,70.83888
41.9208,70.83276
41.91357,70.78526
41.9119,70.75583
41.91274,70.74776
41.91246,70.70972
41.91052,70.69609
41.90496,70.68526
41.80357,70.53554
41.79663,70.52609
41.78802,70.51833
41.78302,70.515
41.75414,70.50333
41.74719,70.50139
41.73635,70.49553
41.72774,70.48776
41.71996,70.47916
41.71302,70.46999
41.6333,70.30859
41.62496,70.28526
41.61219,70.24275
41.60275,70.21277
41.59469,70.19664
41.58775,70.18749
41.57747,70.18109
41.55302,70.17804
41.54719,70.17831
41.53635,70.18027
41.52829,70.1872
41.52496,70.19165
41.51885,70.20305
41.5169,70.21082
41.51579,70.21971
41.51468,70.26639
41.51551,70.28859
41.51496,70.29694
41.51079,70.32332
41.50552,70.34776
41.50163,70.36331
41.4969,70.37665
41.48245,70.40582
41.47301,70.42165
41.46523,70.4297
41.45329,70.44026
41.41217,70.47415
41.41106,70.48109
41.41051,70.49664
41.41634,70.52222
41.4219,70.54027
41.44079,70.59248
41.44717,70.60971
41.4544,70.62637
41.46384,70.64194
41.4744,70.66332
41.47634,70.66943
41.47829,70.68276
41.47634,70.69971
41.47426,70.70775
41.46717,70.71666
41.46329,70.71999
41.40245,70.76666
41.39385,70.77249
41.38051,70.78082
41.35746,70.79276
41.35246,70.79414
41.34051,70.79443
41.32134,70.79082
41.2505,70.81331
41.20356,70.98831
41.16106,71.15694
41.18217,71.20248
41.18994,71.21111
41.19244,71.21639
41.19522,71.22916
41.19634,71.24332
41.19495,71.25194
41.19189,71.25749
41.1255,71.39722
41.11994,71.40942
41.11855,71.41805
41.12022,71.43137
41.12466,71.43553
41.13717,71.43997
41.14912,71.44081
41.19578,71.4422
41.23023,71.4422
41.25745,71.43915
41.32967,71.43442
41.3355,71.43442
41.34883,71.43803
41.35384,71.44165
41.35245,71.45027
41.34634,71.46138
41.31912,71.50055
41.31717,71.5036
41.30217,71.54332
41.30078,71.55026
41.29939,71.55914
41.3005,71.57332
41.303,71.5786
41.31912,71.60359
41.33106,71.61638
41.33606,71.61971
41.39134,71.64888
41.40328,71.65416
41.42272,71.65915
41.42883,71.65999
41.44078,71.66081
41.45161,71.65942
41.46078,71.65471
41.468,71.64583
41.47105,71.64027
41.478,71.63109
41.4905,71.62082
41.50079,71.61832
41.50745,71.62053
41.553,71.64137
41.55634,71.6461
41.55717,71.65277
41.55772,71.68248
41.55634,71.69136
41.55328,71.69693
41.36217,71.86331
41.33328,71.88721
41.32884,71.88944
41.30244,71.89444
41.28106,71.89722
41.26856,71.89526
41.24912,71.89027
41.243,71.88944
41.20328,71.88777
41.198,71.88889
41.19439,71.89333
41.18938,71.90637
41.18745,71.91415
41.18661,71.92221
41.19356,72.10637
41.19689,72.1111
41.20189,72.12192
41.20467,72.14221
41.20495,72.14943
41.20161,72.16693
41.19911,72.1736
41.19605,72.17915
41.19244,72.18359
41.18327,72.18803
41.05994,72.21666
41.05411,72.21666
41.048,72.21582
41.04133,72.21361
41.0355,72.21111
41.00659,72.19548
41.03216,72.31915
41.04022,72.39526
41.01827,72.50055
41.01522,72.5061
40.95383,72.57971
40.93105,72.60359
40.92689,72.60693
40.92244,72.60915
40.90688,72.61276
40.89772,72.6172
40.88938,72.6236
40.88522,72.63165
40.87911,72.65999
40.87049,72.70221
40.8691,72.72554
40.86771,72.89943
40.86827,73.04915
40.84716,73.15248
40.8441,73.15804
40.83216,73.16887
40.823,73.17304
40.81716,73.17026
40.79967,73.14722
40.77882,73.1122
40.77132,73.0961
40.71272,72.94359
40.69327,72.87804
40.68883,72.85193
40.67716,72.80971
40.67466,72.80443
40.67133,72.79971
40.58494,72.71054
40.54327,72.67748
40.53799,72.67581
40.53271,72.67249
40.52854,72.66859
40.52187,72.65915
40.51688,72.64861
40.51355,72.63638
40.51327,72.62192
40.51854,72.59721
40.52132,72.59055
40.52744,72.57971
40.61586,72.40952
40.61716,72.40332
40.61688,72.3961
40.61493,72.38547
40.60466,72.37026
40.59855,72.36943
40.593,72.36943
40.53133,72.37886
40.52105,72.38109
40.50716,72.39972
40.49883,72.41805
40.48966,72.43442
40.48605,72.43858
40.47771,72.44525
40.46438,72.45305
40.45299,72.45305
40.43382,72.44637
40.40465,72.43276
40.38882,72.4236
40.38688,72.41748
40.39271,72.39388
40.40937,72.34526
40.43188,72.28777
40.44576,72.27638
40.44854,72.28166
40.45271,72.28581
40.45882,72.28665
40.46243,72.28249
40.46549,72.25804
40.46455,72.22705
40.46494,72.20694
40.46383,72.18553
40.46022,72.1736
40.43382,72.11388
40.43077,72.11026
40.33437,72.01277
40.26633,72.04387
40.25049,71.9036
40.19994,71.81387
40.19132,71.80582
40.18382,71.79721
40.17688,71.78804
40.17188,71.77748
40.14938,71.72221
40.14577,71.71054
40.14716,71.70194
40.21549,71.52416
40.22382,71.50555
40.2327,71.49027
40.23632,71.48581
40.24049,71.48248
40.24493,71.48027
40.25967,71.4772
40.268,71.47304
40.27216,71.46971
40.27522,71.46443
40.30188,71.38998
40.30994,71.29915
40.28716,71.24664
40.27744,71.13916
40.27799,71.09415
40.27772,71.07166
40.27744,71.06415
40.27022,70.99915
40.26772,70.99387
40.26244,70.99054
40.24484,70.98204
40.24494,70.95776
40.24271,70.87053
40.23966,70.85082
40.22827,70.8225
40.2191,70.79305
40.21049,70.75555
40.20771,70.7422
40.20382,70.7161
40.20549,70.64888
40.20632,70.6411
40.21021,70.62581
40.21355,70.62137
40.22881,70.60582
40.23743,70.59999
40.25521,70.58943
40.34966,70.46527
40.35105,70.45665
40.3764,70.37553
40.43062,70.34517
40.44438,70.33998
40.44994,70.34055
40.45828,70.34665
40.46827,70.36388
40.47438,70.37608
40.49105,70.41527
40.55938,70.53499
40.67327,70.73109
40.67689,70.73692
40.70633,70.77748
40.72559,70.7968
40.74439,70.78888
40.75245,70.78221
40.75551,70.77666
40.76051,70.76361
40.76245,70.75583
40.76967,70.71693
40.77106,70.70804
40.82745,70.66721
40.87022,70.65804
40.97744,70.5486
41.03023,70.48109
41.03717,70.47192
41.04023,70.46639
41.03875,70.46515
41.04328,70.46082
41.04829,70.44748
41.05022,70.43054
41.04912,70.42387
41.04634,70.41138
41.04245,70.39943
41.03995,70.39415
41.03634,70.38944
41.02773,70.38165
41.02272,70.37859
41.01023,70.37415
41.0044,70.37442
40.99939,70.37581
40.97689,70.3772
40.96495,70.37665
40.95828,70.3747
40.94717,70.36914
40.93716,70.36276
40.93272,70.35887
40.90439,70.33028
40.89411,70.31667
40.86051,70.25777
40.8558,70.24803
40.76998,70.05026
40.74749,69.97887
40.74471,69.96639
40.74027,69.93997
40.73388,69.90027
40.72249,69.84721
40.71555,69.82304
40.71305,69.81776
40.70583,69.80859
40.68443,69.78943
40.675,69.78249
40.65777,69.76749
40.64722,69.75388
40.645,69.74971
40.64055,69.73859
40.6386,69.73248
40.6375,69.72609
40.6386,69.70999
40.64166,69.69359
40.64361,69.68581
40.64999,69.67581
40.66055,69.6622
40.71888,69.5936
40.7311,69.58305
40.74916,69.57332
40.75333,69.56972
40.77943,69.53998
40.78221,69.53442
40.8111,69.45915
40.81221,69.45055
40.80999,69.4372
40.80222,69.4061
40.80027,69.40027
40.79472,69.38998
40.77943,69.36527
40.77249,69.35609
40.76888,69.35165
40.76472,69.34804
40.74972,69.33971
40.59554,69.26999
40.50722,69.25722
40.49833,69.26221
40.37471,69.32832
40.33916,69.33832
40.32777,69.33916
40.21194,69.32138
40.2075,69.31749
40.20139,69.30803
40.19666,69.29694
40.1911,69.24915
40.18971,69.23526
40.19138,69.2186
40.19415,69.20139
40.19694,69.18692
40.20638,69.14082
40.21111,69.12747
40.23017,69.07893
40.23472,69.06165
40.23888,69.03943
40.2386,69.03221
40.20805,68.76833
40.20361,68.73471
40.20139,68.7211
40.19888,68.70833
40.19471,68.68915
40.18407,68.642
40.18138,68.61276
40.17833,68.60082
40.17305,68.59776
40.16694,68.59804
40.16277,68.60138
40.1586,68.60582
40.15249,68.61443
40.13999,68.63666
40.12193,68.68137
40.11771,68.70236
40.11639,68.71388
40.12222,68.76221
40.12816,68.79137
40.12949,68.79938
40.14527,68.86804
40.14805,68.87331
40.14999,68.87831
40.1511,68.88527
40.15083,68.90082
40.14833,68.98442
40.14416,68.98888
40.13999,68.99304
40.13082,68.99803
40.11194,69.00777
40.10111,69.00943
40.08971,69.01
40.0761,69.00722
40.06999,68.99748
40.06833,68.99136
40.06805,68.98415
40.07527,68.93276
40.07999,68.82526
40.07833,68.8221
40.07633,68.81926
40.07055,68.78526
40.06527,68.78388
40.00777,68.80803
39.99388,68.81526
39.97777,68.82944
39.95999,68.85027
39.94972,68.86304
39.90249,68.90637
39.89777,68.90888
39.89138,68.90915
39.88638,68.90582
39.88305,68.90138
39.87694,68.89055
39.82861,68.76749
39.82749,68.76082
39.82944,68.75333
39.83305,68.7486
39.84444,68.73692
39.85416,68.73415
39.86333,68.72916
39.86777,68.72665
39.87138,68.72221
39.87193,68.71416
39.8625,68.6561
39.85824,68.64267
39.83943,68.63721
39.7711,68.62859
39.6561,68.62997
39.645,68.62526
39.63638,68.61748
39.62416,68.60609
39.55471,68.54027
39.55055,68.52916
39.545,68.51138
39.5375,68.47331
39.53555,68.38472
39.53666,68.35332
39.5536,68.17526
39.55666,68.14888
39.56722,68.08249
39.60055,67.90776
39.61138,67.86304
39.61832,67.84415
39.61999,67.83638
39.62138,67.82748
39.63055,67.75916
39.62916,67.72971
39.62582,67.70972
39.61527,67.68193
39.52888,67.50444
39.48358,67.44196
39.46249,67.44247
39.43721,67.43997
39.37054,67.43221
39.36527,67.43082
39.29916,67.41054
39.29472,67.40776
39.28878,67.366
39.27166,67.3647
39.23666,67.36638
39.22527,67.36748
39.22027,67.36914
39.21249,67.37637
39.20972,67.38193
39.16944,67.51027
39.16777,67.51776
39.16666,67.52609
39.16694,67.53333
39.17166,67.56667
39.17305,67.58804
39.17333,67.60304
39.17194,67.61748
39.16499,67.63443
39.13805,67.69026
39.13472,67.6947
39.12555,67.69971
39.11555,67.70277
39.01599,67.69527
39.01305,67.69609
38.99944,67.70387
38.99666,67.70943
38.99361,67.72527
38.99027,67.75082
38.97777,67.8486
38.97694,67.85555
38.97665,67.86331
38.97916,67.87581
38.99694,67.93471
39.00805,67.98442
39.00028,68.10776
38.99749,68.11331
38.98555,68.12387
38.97638,68.12886
38.95666,68.13582
38.94388,68.14444
38.93138,68.15387
38.90471,68.18027
38.90083,68.18387
38.8961,68.18637
38.86583,68.19553
38.85444,68.19637
38.84332,68.19136
38.82417,68.17859
38.81722,68.16998
38.8086,68.15498
38.80388,68.14444
38.8,68.13304
38.79749,68.12053
38.79722,68.11331
38.66471,68.07416
38.54639,68.07054
38.54138,68.07193
38.43305,68.12137
38.42833,68.12387
38.42444,68.1272
38.33555,68.21111
38.33221,68.21555
38.32639,68.22638
38.3111,68.26193
38.30305,68.27916
38.30027,68.28442
38.27332,68.33138
38.26194,68.34276
38.24583,68.35803
38.24194,68.36165
38.23777,68.36499
38.22443,68.37248
38.21027,68.37886
38.19554,68.38416
38.18999,68.38472
38.1836,68.38416
38.16388,68.38081
38.15721,68.37915
38.08555,68.35498
38.04615,68.33781
37.95889,68.27748
37.95444,68.27388
37.95083,68.26971
37.94499,68.25278
37.94215,68.23839
37.93582,68.18054
37.93221,68.16165
37.92805,68.15054
37.91944,68.1436
37.90888,68.13805
37.88444,68.12997
37.85889,68.12303
37.80999,68.09972
37.79472,68.0911
37.76527,68.07304
37.73888,68.05193
37.6911,68.0061
37.68388,67.99748
37.67833,67.98776
37.66833,67.9747
37.63611,67.9372
37.61721,67.91721
37.59972,67.90305
37.54055,67.85915
37.50583,67.83832
37.48499,67.82748
37.47916,67.82527
37.4461,67.81749
37.41638,67.81749
37.39777,67.82639
37.38361,67.83276
37.35249,67.84082
37.33055,67.84387
37.31249,67.8436
37.28166,67.84137
37.26194,67.83804
37.2561,67.83611
37.22582,67.81888
37.21166,67.80914
37.19943,67.79804
37.19222,67.78998
37.18582,67.77988
37.1936,67.77916
37.19972,67.77721
37.21194,67.77054
37.21555,67.76582
37.22054,67.75526
37.22471,67.74387
37.2461,67.64943
37.2686,67.52638
37.25055,67.45638
37.22054,67.40416
37.21749,67.39722
37.21249,67.38081
37.20329,67.30495
37.19632,67.29569
37.19249,67.28909
37.18694,67.27416
37.18472,67.25943
37.18388,67.25221
37.1861,67.23998
37.19193,67.22943
37.20305,67.22221
37.22027,67.21971
37.23249,67.21277
37.24666,67.20027
37.33997,67.09648
37.34658,67.08768
37.37721,67.02165
37.38221,67.00417
37.38249,66.97026
37.37888,66.92693
37.36583,66.85803
37.36361,66.83638
37.35555,66.7211
37.3586,66.62915
37.3625,66.61775
37.36805,66.58693
37.36832,66.57361
37.36638,66.53774
37.37305,66.52805
37.3811,66.52138
37.39444,66.51582
37.39944,66.51555
37.53194,66.51694
37.77277,66.53832
37.78889,66.54137
37.81249,66.55081
37.82388,66.55776
37.88472,66.61609
37.90138,66.63304
37.90833,66.64249
37.91638,66.65109
37.925,66.65942
37.93028,66.66304
37.93665,66.66638
37.94804,66.67053
37.96388,66.67249
37.97332,66.67026
37.98164,66.66609
37.98999,66.65888
38.00305,66.64388
38.01555,66.62026
38.02444,66.60027
38.035,66.57027
38.04083,66.54137
38.04333,66.52054
38.04305,66.49498
38.04111,66.48943
38.03722,66.45972
38.03694,66.45332
38.03777,66.44637
38.04361,66.42387
38.07888,66.33276
38.08472,66.31944
38.09193,66.31026
38.09943,66.30248
38.11583,66.28998
38.1286,66.28194
38.14083,66.27277
38.14471,66.26915
38.15193,66.26027
38.23611,66.07166
38.2411,66.05582
38.28082,65.89526
38.28305,65.88081
38.28305,65.87442
38.28111,65.86249
38.27361,65.84027
38.26527,65.81888
38.25722,65.80359
38.25361,65.79887
38.23666,65.78221
38.23221,65.77165
38.22638,65.7486
38.22527,65.72971
38.22582,65.71639
38.22804,65.69553
38.23638,65.65776
38.24361,65.62776
38.25388,65.59721
38.26833,65.56442
38.385,65.33666
38.39471,65.31972
38.41082,65.29221
38.43472,65.25665
38.47694,65.19887
38.51194,65.15166
38.53333,65.12387
38.54805,65.10664
38.61666,65.00333
38.62666,64.9872
38.63194,64.97638
38.64888,64.93526
38.6561,64.91138
38.65749,64.90387
38.6661,64.87499
38.68999,64.79804
38.70833,64.74664
38.73611,64.67777
38.74194,64.66527
38.76138,64.63165
38.87388,64.46471
38.89138,64.44136
38.90249,64.42831
38.91388,64.41638
38.92944,64.40193
38.94554,64.3886
38.95313,64.38303